Title,Description,Keywords,Reward,AssignmentDurationInSeconds,WorkTimeInSeconds,Answer.00,Answer.00text,Answer.01,Answer.01text,Answer.02,Answer.02text,Answer.03,Answer.03text,Answer.04,Answer.04text,Answer.05,Answer.05text,Answer.06,Answer.06text,Answer.07,Answer.07text,Answer.08,Answer.08text,Answer.09,Answer.09text,Answer.10,Answer.10text,Answer.11,Answer.11text,Answer.12,Answer.12text,Answer.13,Answer.13text,Answer.14,Answer.14text,Answer.15,Answer.15text,Answer.16,Answer.16text,Answer.17,Answer.17text
Identify licence plate numbers of cars (BONUS available),Identify the licence plate number of the cars shown,"BONUS, licence plate, number, car, image, identify",$0.04,3600,476,00:2,NVRLKBK,01:0,,02:2,ONURKNZ,03:2,WSHURME,04:2,BADTREKI,05:0,,06:2,EZDUZIT,07:0,,08:1,WAT401K,09:0,,10:0,,11:1,GLORP,12:0,,13:2,HRZPWR,14:1,JOMTYTE,15:0,,16:1,WUPKH8R,17:2,20TENSS
Identify licence plate numbers of cars (BONUS available),Identify the licence plate number of the cars shown,"BONUS, licence plate, number, car, image, identify",$0.04,3600,313,00:1,nvrlkbk,01:0,,02:1,onurknz,03:1,wshurme,04:2,badtreki,05:0,,06:1,ezduz1t,07:0,,08:2,wat401k,09:0,,10:0,,11:1,glorp,12:2,lrd vbr,13:1,hrzpwr,14:2,jdmtyte,15:0,,16:2,wupkh8r,17:2,20ten ss
Identify licence plate numbers of cars (BONUS available),Identify the licence plate number of the cars shown,"BONUS, licence plate, number, car, image, identify",$0.04,3600,262,00:2,NVRLKBK,01:0,,02:1,0NURKNZ,03:1,WSRURME,04:2,BADTREKI,05:0,,06:1,EZDUZIT,07:1,B345T,08:1,KAT401K,09:0,,10:0,,11:1,GLORP,12:1,EROV8R,13:1,HRZPWR,14:2,JDMTYTE,15:0,,16:2,WURKH8R,17:1,20TENSS
Identify licence plate numbers of cars (BONUS available),Identify the licence plate number of the cars shown,"BONUS, licence plate, number, car, image, identify",$0.04,3600,344,00:1,NVRLKBK,01:0,,02:1,ONURKNZ,03:1,WSHURME,04:2,BADTREKI,05:0,,06:1,EZDUZI7,07:1,83451,08:1,WAT401K,09:0,,10:0,,11:1,GLORR,12:1,ERD V8A,13:1,HRZPWR,14:1,JOHTYTE,15:0,,16:1,WURKH8R,17:2,20TENSS
Identify licence plate numbers of cars (BONUS available),Identify the licence plate number of the cars shown,"BONUS, licence plate, number, car, image, identify",$0.04,3600,143,00:2,NVRLKBK,01:0,,02:1,ONURKN7,03:2,WSHUPME,04:2,BADTREK1,05:0,,06:2,EZDUZIT,07:1,B14ST,08:1,YAT401K,09:0,,10:0,,11:1,GLORP,12:1,LRD-V8R,13:2,HRZPWR,14:2,JDMTYTE,15:0,,16:2,WUPKH8R,17:1,2OTEN SS
Identify licence plate numbers of cars (BONUS available),Identify the licence plate number of the cars shown,"BONUS, licence plate, number, car, image, identify",$0.04,3600,380,00:1,nvrlkbk,01:0,,02:1,onurkn7,03:1,wshurme,04:2,badtreki,05:0,,06:1,ezduzit,07:1,b34st,08:1,wat401k,09:0,,10:0,,11:1,glorp,12:1,lrdv8r,13:1,hrzpwr,14:1,jdmtyte,15:0,,16:1,wurkh8r,17:1,2otenss
Identify licence plate numbers of cars (BONUS available),Identify the licence plate number of the cars shown,"BONUS, licence plate, number, car, image, identify",$0.04,3600,672,00:2,NYRLKBK,01:0,,02:2,INURKNZ,03:1,WSHURMC,04:2,BADTREKI,05:0,,06:1,EZDUZI7,07:0,,08:1,AT401K,09:0,,10:0,,11:1,GLORP,12:1,LRD-VER,13:1,HRZPWR,14:2,JONTYTE,15:0,,16:2,WUPKH8R,17:1,20TENSS
Identify licence plate numbers of cars (BONUS available),Identify the licence plate number of the cars shown,"BONUS, licence plate, number, car, image, identify",$0.04,3600,336,00:1,NVRLKBK,01:0,,02:1,0NURKN7,03:1,WSHURME,04:2,BADTREKI,05:0,,06:2,EZDUZIT,07:1,B34ST,08:1,WAT401K,09:0,,10:0,,11:2,GLORP,12:0,,13:1,HRZPWR,14:2,JDMTYTE,15:0,,16:1,WURKH8R,17:1,20TEN SS
Identify licence plate numbers of cars (BONUS available),Identify the licence plate number of the cars shown,"BONUS, licence plate, number, car, image, identify",$0.04,3600,304,00:2,NVRLKBK,01:0,,02:1,ONURKNZ,03:2,WSHURME,04:2,BADTREKI,05:0,,06:2,EZDUZIT,07:1,8345T,08:2,WAT401K,09:1,HBLAS,10:0,,11:2,GLORP,12:1,LRDVBA,13:2,HRZPWR,14:2,JDMTYTE,15:0,,16:1,WUPKH8R,17:2,20TENSS
Identify licence plate numbers of cars (BONUS available),Identify the licence plate number of the cars shown,"BONUS, licence plate, number, car, image, identify",$0.04,3600,195,00:2,NVRLKBK,01:0,,02:2,DNURKNZ,03:2,WSHURNE,04:2,BADTREKI,05:1,RAWRRR,06:2,EZDUZIT,07:2,B3451,08:2,WAT401K,09:0,,10:0,,11:0,,12:2,LRDVBR,13:2,HRZPWR,14:2,JDNTYTE,15:1,WARTHOG,16:2,WUPKH8R,17:2,2STENSS
Identify licence plate numbers of cars (BONUS available),Identify the licence plate number of the cars shown,"BONUS, licence plate, number, car, image, identify",$0.04,3600,282,00:2,nvrlkbk,01:0,,02:2,onurkn7,03:2,wshurme,04:2,badtreki,05:0,,06:2,ezduzit,07:2,b34st,08:2,wat401k,09:0,,10:0,,11:2,glorp,12:1,crdv8a,13:2,hrzpwr,14:2,jdmtyte,15:0,,16:2,wupkh8r,17:2,20tenss
Identify licence plate numbers of cars (BONUS available),Identify the licence plate number of the cars shown,"BONUS, licence plate, number, car, image, identify",$0.04,3600,444,00:1,NVRLKBK,01:0,,02:0,,03:1,WSHURME,04:1,BADTREKI,05:0,,06:1,EZOUZIT,07:1,B3451,08:1,KAT401K,09:0,,10:0,,11:0,,12:1,LRD VBA,13:1,HRZPWR,14:1,JDMTYTE,15:0,,16:1,WUPKH8R,17:1,20TENSS
Identify licence plate numbers of cars (BONUS available),Identify the licence plate number of the cars shown,"BONUS, licence plate, number, car, image, identify",$0.04,3600,623,00:2,NVRLKBK,01:0,,02:2,UNURKNZ,03:2,WSHURME,04:2,BADTREKI,05:0,,06:2,EZDUZIT,07:1,B345T,08:2,WAT401K,09:0,,10:0,,11:2,GLORR,12:1,LRDVBR,13:1,HRZPWR,14:2,JDMTYTE,15:0,,16:1,WUPKH8R,17:2,20TENSS
Identify licence plate numbers of cars (BONUS available),Identify the licence plate number of the cars shown,"BONUS, licence plate, number, car, image, identify",$0.04,3600,202,00:1,NVRLKBK,01:0,,02:0,,03:2,WSHURME,04:2,BADTREKI,05:0,,06:2,EZDUZIT,07:0,,08:2,WAT401K,09:0,,10:0,,11:1,GLORP,12:0,,13:2,HRZPWR,14:1,JOMTYTE,15:0,,16:1,WUPKH8R,17:1,20TEN SS
Identify licence plate numbers of cars (BONUS available),Identify the licence plate number of the cars shown,"BONUS, licence plate, number, car, image, identify",$0.04,3600,176,00:2,NVRLKBK,01:0,,02:1,0NURKN7,03:1,WSHURME,04:1,BADTREKI,05:1,RAWRRR,06:1,EZDUZIT,07:2,B34ST,08:2,WAT401K,09:0,,10:0,,11:0,,12:1,LRDVBR,13:2,HRZPWR,14:2,JDMTYTE,15:1,WARHOG,16:1,WURKH8R,17:2,20TENSS
Identify licence plate numbers of cars (BONUS available),Identify the licence plate number of the cars shown,"BONUS, licence plate, number, car, image, identify",$0.04,3600,363,00:1,NVRLKBK,01:0,,02:1,ONURKNZ,03:1,WSHURME,04:2,BADTREKI,05:0,,06:2,EZDUZIT,07:1,B3451,08:1,AT401K,09:0,,10:0,,11:1,GLORP,12:0,,,RRZPWR,14:1,JDKTYTE,15:0,,16:2,WURKH8R,17:1,20TENSS
Identify licence plate numbers of cars (BONUS available),Identify the licence plate number of the cars shown,"BONUS, licence plate, number, car, image, identify",$0.04,3600,208,00:2,NVRLKBK,01:0,,02:1,ONURKNZ,03:2,WSHURME,04:2,BADTREKI,05:1,RAWRRR,06:2,EZDUZIT,07:1,8345T,08:2,WAT401K,09:0,,10:0,,11:1,CLORP,12:1,LVD-V8R,13:2,HRZPWR,14:1,JDMTYTE,15:1,WARTHOG,16:1,WURKH8R,17:2,20TEN SS
Identify licence plate numbers of cars (BONUS available),Identify the licence plate number of the cars shown,"BONUS, licence plate, number, car, image, identify",$0.04,3600,207,00:1,nvrlkbk,01:0,,02:0,,03:0,,04:2,BADTREKI,05:0,,06:2,EZDUZIT,07:2,B34ST,08:2,WAT401K,09:0,,10:0,,11:1,GLORR,12:0,,13:2,HRZPWR,14:2,JOMTYTE,15:0,,16:1,WUPKH8R,17:2,20TEN SS
Identify licence plate numbers of cars (BONUS available),Identify the licence plate number of the cars shown,"BONUS, licence plate, number, car, image, identify",$0.04,3600,245,00:2,NVRLKBK,01:0,,02:1,ONURKN7,03:1,WSHURMC,04:2,BADTREKI,05:0,,06:2,EZDUZIT,07:1,B34ST,08:1,WAT401K,09:0,,10:0,,11:2,GLORP,12:0,,13:1,HRZPWR,14:1,JDMTYTE,15:0,,16:2,WUPKH8R,17:1,20TEN SS
Identify licence plate numbers of cars (BONUS available),Identify the licence plate number of the cars shown,"BONUS, licence plate, number, car, image, identify",$0.04,3600,738,00:1,NVRLKBK,01:0,,02:1,0NURKNZ,03:0,,04:1,BADTREKI,05:0,,06:1,EZDUZIT,07:1,B34ST,08:1,WAT401K,09:0,,10:0,,11:1,GLORP,12:0,,13:1,HRZPWR,,,15:0,,16:1,WUPKH8R,17:1,20TENSS
Identify licence plate numbers of cars (BONUS available),Identify the licence plate number of the cars shown,"BONUS, licence plate, number, car, image, identify",$0.04,3600,356,00:2,nvrlkbk,01:0,,02:2,onurknz,03:2,wshurme,04:2,badtreki,05:0,,06:1,ezduzit,07:1,b34st,08:2,wat401k,09:2,h8gas,10:0,,11:2,glorp,12:0,,13:1,hrzpwr,14:2,jomtyte,15:0,,16:2,wurkh8r,17:2,20tenss
Identify licence plate numbers of cars (BONUS available),Identify the licence plate number of the cars shown,"BONUS, licence plate, number, car, image, identify",$0.04,3600,995,00:1,NVRLKBK,01:0,,02:1,ONURKNZ,03:1,WSHURME,04:2,BADTREKI,05:1,RAWEEN,06:2,EZOUZIT,07:2,834ST,08:2,WAT401K,09:0,,10:1,CBI8361,11:2,GLORR,12:0,,13:2,HRZPWR,14:2,JDMTYTE,15:0,,16:1,WUBKH8R,17:2,20TENSS
Identify licence plate numbers of cars (BONUS available),Identify the licence plate number of the cars shown,"BONUS, licence plate, number, car, image, identify",$0.04,3600,370,00:2,nvrlkbk,01:0,,02:1,0NURKNZ,03:1,WSHURME,04:2,BADTREKI,05:1,RAWEED,06:2,EZDUZIT,07:2,B34ST,08:2,WAT401K,09:0,,10:0,,11:0,,12:1,LRDVBA,13:2,HRZPWR,14:2,JDMTYTE,15:2,WARTHOG,16:2,WURKH8R,17:2,20TENSS
Identify licence plate numbers of cars (BONUS available),Identify the licence plate number of the cars shown,"BONUS, licence plate, number, car, image, identify",$0.04,3600,1284,00:1,NVRLKBK,01:1,UR2 SLOW,02:1,0nurknz,03:1,wshurmc,04:1,badtreki,05:1,rawrrr,06:1,ezduzit,07:1,b34st,08:1,wat401k,09:0,,10:0,,11:1,glorp,12:1,lrdvbr,13:1,hrzpwr,14:1,jdmtyte,15:0,,16:1,wupkh8r,17:1,20tenss
Identify licence plate numbers of cars (BONUS available),Identify the licence plate number of the cars shown,"BONUS, licence plate, number, car, image, identify",$0.04,3600,485,00:2,NVRLKBK,01:1,UR25LOW,02:2,ONURKNZ,03:1,WSHURME,04:2,BADTREKI,05:1,RAWRRR,06:2,EZDUZIT,07:2,B34ST,08:2,WAT401K,09:0,,10:0,,11:2,GLORP,12:1,LRDV8R,13:2,HRZPWR,14:2,JDMTYTE,15:1,WARTHOG,16:1,WURKH8R,17:2,20TENSS
Identify licence plate numbers of cars (BONUS available),Identify the licence plate number of the cars shown,"BONUS, licence plate, number, car, image, identify",$0.04,3600,327,00:2,nvrlkbk,01:1,j82 5lgw,02:1,onurkn7,03:1,wshurme,04:1,badtreki,05:1,raweed,06:1,ezduzit,07:1,b34st,08:1,wat401k,09:1,h8 gas,10:0,,11:1,glorp,12:1,lrd v8r,13:1,hrzpwr,14:2,jdmtyte,15:1,waetheg,16:1,wupkh8r,17:1,2oten ss
Identify licence plate numbers of cars (BONUS available),Identify the licence plate number of the cars shown,"BONUS, licence plate, number, car, image, identify",$0.04,3600,345,00:1,NVRLKBK,01:0,,02:1,ONURKNZ,03:1,WSHURME,04:2,BADTREKI,05:1,RAWHHH,06:1,EZDUZIT,07:1,B34ST,08:1,WAT401K,09:1,H8LAS,10:0,,11:1,GLORP,12:1,LRDV8A,13:1,HRZPWR,14:1,JDMTYTE,15:0,,16:2,WURKH8R,17:2,20TENSS
Identify licence plate numbers of cars (BONUS available),Identify the licence plate number of the cars shown,"BONUS, licence plate, number, car, image, identify",$0.04,3600,270,00:2,NVRLKBK,01:1,UR2 5LBK,02:2,ONURKNZ,03:2,WSHURME,04:2,BADTREKT,05:1,RAWBBR,06:2,EZDUZIT,07:2,b345T,08:2,WAT401K,09:1,H8 GAS,10:0,,11:2,GLORP,12:2,LRDV8R,13:2,HRZPWR,14:2,JDMTYTE,15:0,,16:2,WUPKHR,,20TEN SS
Identify licence plate numbers of cars (BONUS available),Identify the licence plate number of the cars shown,"BONUS, licence plate, number, car, image, identify",$0.04,3600,287,00:1,NVRLKBK,01:1,UB2 ON,02:1,ONURKN7,03:1,WSRURME,04:1,BADTREK1,05:1,RAWBBR,06:1,EZDUZIT,07:1,B345T,08:1,WAT401K,09:1,H8 GAS,10:1,CNTB3GI,11:1,GLORP,12:1,LRD-VBR,13:1,HRZPWR,14:1,JDMTYTE,15:1,WARTHOG,16:1,WURKH8R,17:1,2OTEN SS
Identify licence plate numbers of cars (BONUS available),Identify the licence plate number of the cars shown,"BONUS, licence plate, number, car, image, identify",$0.04,3600,585,00:1,NVRLKBK,01:0,,02:1,ONORKN7,03:2,WSHURME,04:2,BADTREKI,05:1,RAWBBB,06:2,EZDUZIT,07:1,8345T,08:2,WAT401K,09:0,,10:0,,11:2,GLORP,12:1,LRD-V8A,13:2,HRZPWR,14:2,JDMTYTE,15:0,,16:2,WURKH8R,,20TEN SS
Identify licence plate numbers of cars (BONUS available),Identify the licence plate number of the cars shown,"BONUS, licence plate, number, car, image, identify",$0.04,3600,303,00:2,NVRLKBK,01:1,URZTSLUK,02:1,TNURKNZ,03:2,WSHURME,04:2,BADTREKI,05:1,RAWRAR,06:2,EZDUZIT,07:1,834ST,08:2,WAT401K,09:1,HBLAS,10:0,,11:1,GLORR,12:1,LRD-VBR,13:2,HRZPWR,14:2,JDHTYTE,15:0,,16:2,WUPKH8R,17:2,20TENSS
Identify licence plate numbers of cars (BONUS available),Identify the licence plate number of the cars shown,"BONUS, licence plate, number, car, image, identify",$0.04,3600,364,00:2,nvrlkbk,01:0,,02:2,jnurkn7,03:2,wshurme,04:2,badtrekt,05:2,rawrrr,06:2,ezduzit,07:1,814st,08:2,wat401k,09:1,hb las,10:0,,11:0,,12:2,lrd v8r,13:2,hrzpwr,14:2,jdmtyte,15:0,,16:2,wupkh8r,17:2,20ten ss
Identify licence plate numbers of cars (BONUS available),Identify the licence plate number of the cars shown,"BONUS, licence plate, number, car, image, identify",$0.04,3600,243,00:2,NVRLKBK,01:1,MRZ5L0W,02:2,ONURKNZ,03:2,WSHURME,04:2,BADTREKI,05:2,RAWRRR,06:2,EZDUZIT,07:1,8345T,08:2,WAT401K,09:2,H8 GAS,10:0,,11:2,GLORP,12:1,LRD V8R,13:2,HRZPWR,14:2,JOMTYTE,15:2,WARTHOG,16:1,WURKH8R,17:2,20TEN SS
Identify licence plate numbers of cars (BONUS available),Identify the licence plate number of the cars shown,"BONUS, licence plate, number, car, image, identify",$0.04,3600,259,00:2,NVRLK8K,01:1,V025KLB,02:1,ONURKNZ,03:2,WSHURME,04:2,BADTREKI,05:1,RAWEER,06:2,EZDUZIT,07:1,B34ST,08:2,WAT401K,09:1,HBLAS,10:0,,11:2,CLORP,12:1,LRDV8A,13:2,HRZPWR,14:2,JDMTYTE,15:0,,16:2,WUPKH8R,17:2,20TENSS
Identify licence plate numbers of cars (BONUS available),Identify the licence plate number of the cars shown,"BONUS, licence plate, number, car, image, identify",$0.04,3600,200,00:2,NVRLKBK,01:0,,02:1,INURKNZ,03:1,WSHURME,04:1,BADTREKI,05:1,RAWRRR,06:1,EZDUZIT,07:1,834ST,08:2,WAT401K,09:0,,10:0,,11:1,GLORP,12:1,LRDV8R,13:1,HRZPWR,14:2,JDMTYTE,15:0,,16:1,WUPKH8R,17:1,20TEN SS
