Title,Description,Keywords,Reward,AssignmentDurationInSeconds,WorkTimeInSeconds,Answer.00text,Answer.01text,Answer.02text,Answer.03text,Answer.04text,Answer.05text,Answer.06text,Answer.07text,Answer.08text,Answer.09text,Answer.10text,Answer.11text,Answer.12text,Answer.13text,Answer.14text,Answer.15text,Answer.16text,Answer.17text
Identify licence plate numbers of cars (BONUS available),Identify the licence plate number of the cars shown,"BONUS, licence plate, number, car, image, identify",$0.04,3600,375,NVRLKBK,UR25L,ONURKN7,WSHURME,BADTREKT,RAWAAA,EZOUZIT,B14ST,WAT401K,HBLAS,CWTEEZ1,GLORPHB,LRDVBA,HRZPWR,JOMTYTE,WIETOG,WUPKH8R,20TENSS
Identify licence plate numbers of cars (BONUS available),Identify the licence plate number of the cars shown,"BONUS, licence plate, number, car, image, identify",$0.04,3600,289,nvrlkbk,ur2slow,onurknz,wshurme,badtrek1,ranger,ezduzit,b34st,wat401k,jlscas,cmtict,glorp,lrdv8r,hrzpwr,jdmtyte,warthog,wurkh8r,2otenss
Identify licence plate numbers of cars (BONUS available),Identify the licence plate number of the cars shown,"BONUS, licence plate, number, car, image, identify",$0.04,3600,316,NVRLKBK,UB2SLOW,ONURKNZ,WSHURME,BADTREKI,RAWRED,EZDUZIT,B34ST,NAT401K,H8GAS,CMTH36T,GLORP,LRDV8R,HRZPWR,JDMTYTE,WARTHOG,WURKH8R,20TENSS
Identify licence plate numbers of cars (BONUS available),Identify the licence plate number of the cars shown,"BONUS, licence plate, number, car, image, identify",$0.04,3600,153,nvrlkbk,ub25l0,inurknz,wshurme,badtreki,rawbbr,ezduzit,b34st,wat401k,hbgas,cntbbgt,clorp,lrdv8r,hrzpwr,jdmtyte,warthog,wurkh8r,20tenss
Identify licence plate numbers of cars (BONUS available),Identify the licence plate number of the cars shown,"BONUS, licence plate, number, car, image, identify",$0.04,3600,232,NVRLKBK,UR25L8W,ONURKN2,WSHURME,BADTREKI,RAWAAA,EZDUZIT,B34ST,HAT401K,HLMLAS,CNTRACT,GLORP,LRDVBA,HRZPWR,JOMTYTE,WARTHOG,WURKH8R,2OTENSS
Identify licence plate numbers of cars (BONUS available),Identify the licence plate number of the cars shown,"BONUS, licence plate, number, car, image, identify",$0.04,3600,187,NVRLKBK,URZ5L8W,0MURKNZ,WSHURME,BADTREKI,RAWRER,EZDUZIT,834ST,WAT401K,RSCAS,CWTHXGT,61ORP,LRDV8R,HRZPWR,JDMTYTE,WARTHOG,WUPKH8R,20TEN SS
Identify licence plate numbers of cars (BONUS available),Identify the licence plate number of the cars shown,"BONUS, licence plate, number, car, image, identify",$0.04,3600,256,NVRLKBK,UB2 SLOW,ONURKNZ,WSHURME,BADTREKI,RAWRRR,EZDUZIT,B34ST,WAT401K,NO GAS,CNTN36T,GLORP,LRD-V8R,HRZPWR,JDMTYTE,WARTHOG,WURKH8R,2OTEN 33
Identify licence plate numbers of cars (BONUS available),Identify the licence plate number of the cars shown,"BONUS, licence plate, number, car, image, identify",$0.04,3600,303,nvrlkbk,ub2 slow,onurknz,wshurme,badtreki,rawerr,ezduzit,b345t,wat401k,118 las,cntract,glorp,lrd v8r,hrzpwr,jdmtyte,wartburg,wurkh8r,20ten ss
Identify licence plate numbers of cars (BONUS available),Identify the licence plate number of the cars shown,"BONUS, licence plate, number, car, image, identify",$0.04,3600,185,NVRLKBK,UR25LDW,ONURKNZ,WSHURME,BADTREKI,RANGER,EZDUZIT,834ST,WAT401K,HWLAS,E8T836T,GLORP,LRDV8R,HRZPWR,JDMTYTE,WARTHOG,WUPKH8R,20TEN SS
Identify licence plate numbers of cars (BONUS available),Identify the licence plate number of the cars shown,"BONUS, licence plate, number, car, image, identify",$0.04,3600,366,nvrlkbk,ur2 slow,onurknz,wshurmc,badtreki,raweed,ezduzit,b34st,wat401k,h8 gas,CRTWaGt,glorp,lrd v8r,hrzpwr,jdmtyte,warthog,wurkh8r,20ten ss
Identify licence plate numbers of cars (BONUS available),Identify the licence plate number of the cars shown,"BONUS, licence plate, number, car, image, identify",$0.04,3600,295,nvrlkbk,ub2slow,onurknz,wshurme,badtreki,raweer,ezduzit,b34st,wat401k,h8gas,cntract,glorp,lrdv8r,hrzpwr,jdmtyte,warthog,wurkh8r,20tenss
Identify licence plate numbers of cars (BONUS available),Identify the licence plate number of the cars shown,"BONUS, licence plate, number, car, image, identify",$0.04,3600,194,nvrlkbk,vb25l8r,onurknz,wshurme,badtreki,rakeed,ezduzit,B34ST,WAT401K,8kb gas,emibrki,GLORR,LRD-V8R,HRZPWR,JDMTYTE,JETGIG,WUPKH8R,20TENSS
Identify licence plate numbers of cars (BONUS available),Identify the licence plate number of the cars shown,"BONUS, licence plate, number, car, image, identify",$0.04,3600,336,NVRLKBK,UBZ5LON,0NURKNZ,NSHUPHE,BADTREKI,RAWBBD,EZDUZIT,834ST,WAT401K,HSCAS,CNTR2CT,GLORP,LRD-V8R,HRZPWR,JDMTYTE,WERGG,WUPKH8R,20TEN SS
Identify licence plate numbers of cars (BONUS available),Identify the licence plate number of the cars shown,"BONUS, licence plate, number, car, image, identify",$0.04,3600,334,nvrlkbk,ubz5lon,onurknz,wshurme,badtreki,rawrrr,ezduzit,b345t,wat401k,hwcas,tntbeet,glorp,lrdv8r,hrzpwr,jdmtyte,warthog,wurkh8r,20tenss
Identify licence plate numbers of cars (BONUS available),Identify the licence plate number of the cars shown,"BONUS, licence plate, number, car, image, identify",$0.04,3600,1312,NVRLKBK,UR2SLOW,0NURKN7,WSHURME,BADTREKI,RAWEED,EZDUZIT,B34ST,WAT401K,NOGAS,CNTN2GT,GLURP,LRDV8R,HRZPWR,JOMTYTE,WARTHOG,WURKH8R,20TENSS
Identify licence plate numbers of cars (BONUS available),Identify the licence plate number of the cars shown,"BONUS, licence plate, number, car, image, identify",$0.04,3600,417,NYRLKBK,0825L0H,ONURKNZ,NSHURME,BADTREKI,RAWRRR,EZDUZIT,B34ST,AT401K,HB GAS,CBTR3T,GLORP,LRDV8A,HRZPWR,JDMTYTE,VAEROG,WUPKH8R,20TENSS
Identify licence plate numbers of cars (BONUS available),Identify the licence plate number of the cars shown,"BONUS, licence plate, number, car, image, identify",$0.04,3600,166,nvrlkbk,ub2slow,onurknz,wshurhe,badtreki,rawbbb,ezduzit,b345t,wat401k,urlas,thtdgbg,glorp,lrov8r,hrzpwr,jdmtyte,warthog,wurkh8r,20tenss
Identify licence plate numbers of cars (BONUS available),Identify the licence plate number of the cars shown,"BONUS, licence plate, number, car, image, identify",$0.04,3600,369,NVRLKBK,IBZ5LON,0NURKNZ,WSHURME,BADTREKI,RAWRRR,EZDUZIT,834ST,WAT401K,NO GAS,CWTM3GT,GLORP,ERDVBR,HRZPWR,JDMTYTE,WZRTHOG,QUPKH8R,20TEN SS
Identify licence plate numbers of cars (BONUS available),Identify the licence plate number of the cars shown,"BONUS, licence plate, number, car, image, identify",$0.04,3600,232,nvrlkbk,g42dhg,hnurknz,wshurme,badtreki,ghawrr,ezouzit,b34s1,wat401k,edtfgcas,cbhs4g,bluedf,lrdvbr,hrzpwr,jomtyte,wrftgf,wupkh8r,20tenss
Identify licence plate numbers of cars (BONUS available),Identify the licence plate number of the cars shown,"BONUS, licence plate, number, car, image, identify",$0.04,3600,205,NVRLKBK,UB25L8W,0NURKN7,WSHURME,BADTREK1,RAWBDD,EZDUZIT,B24ST,WAT401K,H8 LAS,CBTB3CT,GLORP,LRDV8R,HRZPWR,JDMTYTE,WERTO5,WUPKH8R,20TEN SS
Identify licence plate numbers of cars (BONUS available),Identify the licence plate number of the cars shown,"BONUS, licence plate, number, car, image, identify",$0.04,3600,370,NVRLKBK,UR25LBK,ONURKNZ,WSHURME,BADTREKI,RAWRRR,EDZUZIT,B34ST,WAT401K,HSCAS,TWISXT,GLORR,LRDV8R,HRZPWR,JOMTYTE,WARTDOG,WUPKH8R,20TENSS
Identify licence plate numbers of cars (BONUS available),Identify the licence plate number of the cars shown,"BONUS, licence plate, number, car, image, identify",$0.04,3600,270,nvrlkbk,urb5lbk,onurknz,wsrurme,baotreki,raweed,ezooz1t,b34st,wat401k,hsgis,cntn13t,glorp,crob8r,hrzpwr,jomtyte,warteng,wupkh8r,2otenss
Identify licence plate numbers of cars (BONUS available),Identify the licence plate number of the cars shown,"BONUS, licence plate, number, car, image, identify",$0.04,3600,367,NVRLKBK,UB25LOW,ONURKN7,WSHURME,BADTREKI,RAWPWR,EZDUZIT,B14ST,WAT401K,3HBCAS,CWTBZT,GLORP,LRDV8R,HRZPWR,JOMTYTE,WRTHOG,WURKH8R,20TENSS
Identify licence plate numbers of cars (BONUS available),Identify the licence plate number of the cars shown,"BONUS, licence plate, number, car, image, identify",$0.04,3600,154,NVRLKBK,U625LOW,INURKNZ,WSHURME,BADTREKI,RAWRRR,EZDUZIT,834ST,WAT401K,HSLAS,CWTCTH,GLORR,LRDV8R,HRZPWR,JDMTYTE,WASTHOG,WURKH8R,20TENSS
Identify licence plate numbers of cars (BONUS available),Identify the licence plate number of the cars shown,"BONUS, licence plate, number, car, image, identify",$0.04,3600,170,NVRLKBK,U825LOW,ONURKNZ,WSHURME,BADTREKI,RAWRRR,EZDUZIT,B34ST,WAT401K,H8GAS,CWTR34I,GLORP,ERDV8R,HRZPWR,JONTYTE,WARTHOG,WURKH8R,20TENSS
Identify licence plate numbers of cars (BONUS available),Identify the licence plate number of the cars shown,"BONUS, licence plate, number, car, image, identify",$0.04,3600,174,NVRLKBK,UBZ 5L8,ONURKNZ,WSHURME,BADTREKI,RAWRRR,EZDYZIT,8345T,WAT401K,H8 GAS,CHT83GT,GLORP,LRD V8R,HRZPWR,JDMTYTE,WARTHOG,WUPKH8R,2OTEN SS
Identify licence plate numbers of cars (BONUS available),Identify the licence plate number of the cars shown,"BONUS, licence plate, number, car, image, identify",$0.04,3600,274,nvrlkbk,can see,unurkn2,wshurme,badtrekt,rawrrr,ezduz11,b34st,wat401k,hw gas,,glorr,lrdv8r,hrzpwr,jomtyye,,wupkh8r,20tenss
Identify licence plate numbers of cars (BONUS available),Identify the licence plate number of the cars shown,"BONUS, licence plate, number, car, image, identify",$0.04,3600,382,NVRLKBK,DBZSLOW,ONURKNZ,WSHURME,BADTREKI,RAWRRR,EZDUZIT,B34ST,WAT401K,H8GAS,CNTRACT,GLORR,LRDV8R,HRZPWR,JDMTYTE,WARTHOG,WURKH8R,20TENSS
Identify licence plate numbers of cars (BONUS available),Identify the licence plate number of the cars shown,"BONUS, licence plate, number, car, image, identify",$0.04,3600,444,NVRLKBK,UB25LOV,ONURKNZ,WSHURME,BADTREKI,RAWEER,EZDUZIT,834ST,NAT401K,HLGAS,CNTH3GI,GLORR,LRDVBR,HRZPWR,JOMTYTE,VRTGNC,WURKH8R,20TENSS
Identify licence plate numbers of cars (BONUS available),Identify the licence plate number of the cars shown,"BONUS, licence plate, number, car, image, identify",$0.04,3600,244,NVRLKBK,UZ5L0W,ONURKN7,WSHURME,BADTREKI,RAWRRR,EZDUZIT,B34ST,WAT401K,JL8CRS,CWTW3CT,GLORP,LRDV8a,hrzpwr,JDMTYTE,WARTHOG,WUPKH8R,20tenss
Identify licence plate numbers of cars (BONUS available),Identify the licence plate number of the cars shown,"BONUS, licence plate, number, car, image, identify",$0.04,3600,244,NVRLKBK,UB25LBK,INURKNZ,WSHURME,BADTREKI,RAWHHH,EZDUZIT,B345T,WAT401K,IHCAS,CMTN35T,GLORP,LRDV8R,HRZPWR,JDMTYTE,WARTHOG,WURKH8R,20TENSS
Identify licence plate numbers of cars (BONUS available),Identify the licence plate number of the cars shown,"BONUS, licence plate, number, car, image, identify",$0.04,3600,723,NVRLKBK,W025LON,ONURKN7,WSHURME,BADTREKI,RAMEER,EZDUZIT,B34ST,MAT401K,JLBLAS,CNT04ET,GLORP,LROVBA,HRZPWR,JOMTYTE,MIETLEN,WUPKH8R,20TENSS
Identify licence plate numbers of cars (BONUS available),Identify the licence plate number of the cars shown,"BONUS, licence plate, number, car, image, identify",$0.04,3600,280,NVRLKBK,UB2 SLOW,ONURKN7,WSHURME,BADTREKI,RAWERD,EZDUZIT,B34ST,WAT401K,HB GAS,CNTRACT,GLORP,LRD V8R,HRZPWR,JDMTYTE,WARTHOG,WUPKH8R,20TEN SS
Identify licence plate numbers of cars (BONUS available),Identify the licence plate number of the cars shown,"BONUS, licence plate, number, car, image, identify",$0.04,3600,412,NVRLKBK,UR25 L8W,ONORKNZ,NSXURME,BADTREKI,RAWTTT,EZUUZIT,B345T,WAY401K,HWCAS,CWYN08Y,CLORP,ERD-V8R,HRZPWR,JOMTYTE,WARTDOG,WUPKH8R,20TENSS
Identify licence plate numbers of cars (BONUS available),Identify the licence plate number of the cars shown,"BONUS, licence plate, number, car, image, identify",$0.04,3600,234,NVRLKBK,UR25LB,ONURKNZ,WSHURME,BADTREKI,RAMHTN,EZDUZIT,B34ST,KAT401K,HNLAS,KMNTT,GLRP,LRDV88,HRZPWR,JDMTYTE,VETORG,WUPKH8R,20TENSS
